district,name,address,facility_type,Population
Bo,Bo Gov. Hospital,Bo,HOSPITAL,574918
Bo,Children Hospital,Bo Children's Hospital,HOSPITAL,574918
Bo,Boima Hospital,Sowa Clinic,HOSPITAL,574918
Bo,Gila'S Hospital,Gila's Hospital,HOSPITAL,574918
Bo,Kindoya Hospital,Kindoya Hospital,HOSPITAL,574918
Bo,Mercy Hospital,Kukua Kulanda Town,HOSPITAL,574918
Bo,Serabu Catholic Hospital,"Serabu town, bumpeh ngao, bo                      ",HOSPITAL,574918
Bo,Agape Clinic,Kakua,CHC,574918
Bo,Baomahun,Baomahun ,CHC,574918
Bo,Bumpe,BUMPEH- BUMPE NGAO,CHC,574918
Bo,Gbaiima,"Gbaiima Songa Village, Gbo Chiefdom, Bo District  ",CHC,574918
Bo,Gboyama,Gboyama ,CHC,574918
Bo,Gerihun St L,Gerihun ,CHC,574918
Bo,Gondama -Tikonko,"Gondama Town, Tikonko Chiefdom, Bo District       ",CHC,574918
Bo,Haikal,Haikal Community Health Centre,CHC,574918
Bo,Jimmi,Jimmi Town ,CHC,574918
Bo,Lyn Maternity,Bo,CHC,574918
Bo,Majama Umc,MANJAMA UMC,CHC,574918
Bo,Mamboma,Mamboma ,CHC,574918
Bo,Mongere,Bo,CHC,574918
Bo,Needy,Messima BO kakua,CHC,574918
Bo,New Police Barracks,kakua,CHC,574918
Bo,Ngelehun -Badjia,Ngelehun,CHC,574918
Bo,Njala-Komboya,Njala-Komboya,CHC,574918
Bo,Praise Foundation,Bo,CHC,574918
Bo,Sahn Bumpeh,Sahn Bumpeh Village,CHC,574918
Bo,Sahn-Niawa Lenga,Gboubu,CHC,574918
Bo,Slrc Clinic,KUKUA,CHC,574918
Bo,Yamandu,Yamandu ,CHC,574918
Bo,Yambama,Yambama ,CHC,574918
Bo,Yemoh Town,"Yemoh Town, Kauka                                 ",CHC,574918
Bo,Zion Chc Bandawa,"Bandawa Village, Tikonko Chiefdom, Bo District    ",CHC,574918
Bo,Baoma Station,Baoma,CHP,574918
Bo,Bathurst,Bathurst community,CHP,574918
Bo,Brima Town,Bo,CHP,574918
Bo,Edc Unit Staff Clinic,Bo Town,CHP,574918
Bo,Faabu,Faabu community,CHP,574918
Bo,Feiba,Feiba community,CHP,574918
Bo,Foya,Bo,CHP,574918
Bo,Gbaama,"Gbaama, Jaima Gbongor                             ",CHP,574918
Bo,Gbotima,Gbotima,CHP,574918
Bo,Grima,Grima ,CHP,574918
Bo,Kandeh Town,KANDEH TOWN COMMUNITY HEALTH POST,CHP,574918
Bo,Kpetema -Bumpe Ngao,"Kpetema, Bumpe Ngao                           ",CHP,574918
Bo,Kpetewoma,Kpetewoma village ,CHP,574918
Bo,Maguama,BO,CHP,574918
Bo,Mano Jaiama,Jaiama Bongor ,CHP,574918
Bo,Momajo,Momajo,CHP,574918
Bo,Morning Star,Kukua A line Off SEWA Rd,CHP,574918
Bo,Nengbema,Lower Niawa Lenga ,CHP,574918
Bo,Nyainyahun,Jaiama Gbongor ,CHP,574918
Bo,Pujehun,Bo,CHP,574918
Bo,Sembehun 17,"SEMBEHUN 17,TIKONKO CHIEFDOM,BO               ",CHP,574918
Bo,Simbo Town,Bo,CHP,574918
Bo,Taninahun - Bumpeh Ngao,"Taninahun vILLAGE, Bumpeh Chiefdom                ",CHP,574918
Bo,Tiebor,TIEBOR,CHP,574918
Bo,Telu,Jaiama Gbongor ,CHP,574918
Bo,Tungbebu,Tungbebu,CHP,574918
Bo,Barlie,Barlie,MCHP,574918
Bo,Batiama,BATIAMA ,MCHP,574918
Bo,Blamawo,Blamawo ,MCHP,574918
Bo,Bontiwo,Bontiwo community ,MCHP,574918
Bo,Buma,"Buma, Bumpe Ngao.                            ",MCHP,574918
Bo,Bumkaku,BUMKAKU ,MCHP,574918
Bo,Bumpeh -Bumpe Ngao,"Bumpeh - Bumpeh Ngao Chiefdom, Bo District        ",MCHP,574918
Bo,Fanima -Wonde,Fanima,MCHP,574918
Bo,Favour,Bo,MCHP,574918
Bo,Fengehun,FENGEHUN,MCHP,574918
Bo,Fullawahun,Bo,MCHP,574918
Bo,Gbangba,Bo,MCHP,574918
Bo,Gbangbalia,"Gbangbalia, Bagbo                                 ",MCHP,574918
Bo,Gbanja Town,Gbanja Town ,MCHP,574918
Bo,Gbongboma,Gbongboma ,MCHP,574918
Bo,Golu,Gollu,MCHP,574918
Bo,Griema,"Griema Village, Tikonko Chiefdom, Bo District     ",MCHP,574918
Bo,Heima,Heima community,MCHP,574918
Bo,Kakama,Kakama,MCHP,574918
Bo,Kambawama,kambawama,MCHP,574918
Bo,Karleh,Karleh,MCHP,574918
Bo,Kassama,"Kassama Village, Tikonko Chiefdom, Bo District    ",MCHP,574918
Bo,Kasse,Kasse,MCHP,574918
Bo,Kigbai,Kigbai,MCHP,574918
Bo,Komboya Gbauja,Komboya ,MCHP,574918
Bo,Kondiama,Kondiama,MCHP,574918
Bo,Korbu,Korbu,MCHP,574918
Bo,Kpamajama,Bo,MCHP,574918
Bo,Kpewama,Kpewama ,MCHP,574918
Bo,Kpuabu,Valunia ,MCHP,574918
Bo,Kpumbu,Kpumbu,MCHP,574918
Bo,Lowama,lowoma community,MCHP,574918
Bo,Makayonie,"Makayonie,BUMPE-NGAO                         ",MCHP,574918
Bo,Mano Yorgbo,Mano Yogbo ,MCHP,574918
Bo,Massah Memorial Maternity,Bo,MCHP,574918
Bo,Mattru On The Rail,Mattru on the Rail,MCHP,574918
Bo,Mbundorbu,Mbundorbu,MCHP,574918
Bo,Mendewa,Mendewa Bagbwe ,MCHP,574918
Bo,Mid Land,MIDLAND ,MCHP,574918
Bo,Mokoba,"Mokaba Village, Bumpeh Ngao Chiefdom, Bo District ",MCHP,574918
Bo,Mokpende,"Mokpende,Bumpe Ngao                          ",MCHP,574918
Bo,Nafaya,,MCHP,574918
Bo,Ndegbomie Clinic,Bo,MCHP,574918
Bo,Nduvuibu,Kukua,MCHP,574918
Bo,Ngieyehun,Ngieyehun community,MCHP,574918
Bo,Ngogbebu,Ngogbebu,MCHP,574918
Bo,Ngolahun Jabaty,Ngolahun Jabaty,MCHP,574918
Bo,Niagorehun,Niagorehun ,MCHP,574918
Bo,Niagorehun,Niagorehun-Komboya,MCHP,574918
Bo,Buma,Bagbwe,MCHP,574918
Bo,Sembehun Tarbey,"Sembehun Tarbey Village, Tikonko Chiefdom, Bo     ",MCHP,574918
Bo,Sembehun Mamangewor,"Sembehun Mamangewor village, Gbo C/Dom, Bo        ",MCHP,574918
Bo,Tengbewabu,Tengbewabu,MCHP,574918
Bo,Unimus,UNIMUS,MCHP,574918
Bo,Upper Saama,Upper Saama,MCHP,574918
Bo,Wallehun,"Wallehun Village, Bumpeh Chiefdom                 ",MCHP,574918
Bo,Yakaji,Yakaji,MCHP,574918
Bo,Torkpoi Town,Bo,MCHP,574918
Bo,Gender,kukua Yemor Town,MCHP,574918
Bo,Jalihun,JALIHUN,CHC,574918
Bo,Dougountoni Hospital,DOUGOUNTONI HOSPITAL ,HOSPITAL,574918
Bo,Kagbiama,"Kagbiama, Bunpe Ngao                         ",MCHP,574918
Bo,Njandama,Njandama,MCHP,574918
Bo,Grima,Grima,MCHP,574918
Bo,Kaniya,"Kaniya,Bumpe Ngao.                           ",MCHP,574918
Bo,Damballa,Dambala,CHC,574918
Bo,Jembe,Jembe,CHC,574918
Bo,Koribondo,koribondo community,CHC,574918
Bo,Ngalu,Bagbwe,CHC,574918
Bo,Njandama,,MCHP,574918
Pujehun,Kowama,Kowama,CHC,346461
Pujehun,Gbahama,Gbahama ,CHP,346461
Pujehun,Bandajuma,Bo,MCHP,346461
Pujehun,Bendu,Bendu Town ,CHC,346461
Pujehun,Bayama,Bayama,CHP,346461
Pujehun,Bendu,Bendu town ,CHP,346461
Pujehun,Gbahama,Gbahama ,CHP,346461
Pujehun,Nyandehun,nyandehun,CHP,346461
Pujehun,Bandajuma,,CHC,346461
Pujehun,Pejewa,,CHP,346461
Pujehun,Bendu,Bendu,CHC,346461
Pujehun,Konia,Konia,MCHP,346461
Pujehun,Nyandehun,NYANDEHUN,MCHP,346461
Pujehun,Falaba,Falaba,CHC,346461
Pujehun,Bandasuma,Bandasuma,MCHP,346461
Pujehun,Bendu,"BENDU,KOWA CHIEFDOM,MOYAMBA                  ",MCHP,346461
Pujehun,Falaba,FALABA,MCHP,346461
Pujehun,Sahun,SAHUN,MCHP,346461
Pujehun,Waiima,"WAIIMA,KORI CHIEFDOM MOYAMBA                 ",MCHP,346461
Pujehun,Sumbuya,SUMBUYA ,CHP,346461
Pujehun,Pujehun Town,Pujehun GOV Hospital ,HOSPITAL,346461
Pujehun,Bandajuma,Sowa Chiefdom,CHC,346461
Pujehun,Bandasuma,Bandasuma village ,CHC,346461
Pujehun,Blama Massaquoi,GALLINAS PERRI ,CHC,346461
Pujehun,Fairo,Sorogbeima ,CHC,346461
Pujehun,Futa Pejeh,PEJEH,CHC,346461
Pujehun,Jendema,Jendema Town ,CHC,346461
Pujehun,Karlu,YKK,CHC,346461
Pujehun,Mano Bonjeima,MANO BONJEIMA,CHC,346461
Pujehun,Dandabu,kpanga karbondeh,CHP,346461
Pujehun,Falaba,Falaba Village ,CHP,346461
Pujehun,Fanima,Fanima village ,CHP,346461
Pujehun,Funyehun,GALLINES PERRI ,CHP,346461
Pujehun,Gbaa,Gbaa Village ,CHP,346461
Pujehun,Geoma Jargoh,Geoma Jargoh Village ,CHP,346461
Pujehun,Gofor,Makpele ,CHP,346461
Pujehun,Hongai,Hongai Village ,CHP,346461
Pujehun,Makorma,GALLINAS,CHP,346461
Pujehun,Massan,MASSAN,CHP,346461
Pujehun,Njaluahun,Njaluanun Village ,CHP,346461
Pujehun,Sulima,Solima,CHP,346461
Pujehun,Sumbuya Bessima,sumbuya village,CHP,346461
Pujehun,Taninahun,Taninahun Village ,CHP,346461
Pujehun,El-Shaddai Clinic,El-Shaddai Clinic ,MCHP,346461
Pujehun,Static Pujehun,Static Pujehun ,MCHP,346461
Pujehun,Bangorma,YKK,MCHP,346461
Pujehun,Bayama,CRIM ,MCHP,346461
Pujehun,Bendu,"BENDU, MALEN CHIEFDOM                             ",MCHP,346461
Pujehun,Bengani,Bengani Village,MCHP,346461
Pujehun,Blama Perri,GALLINES PERRI ,MCHP,346461
Pujehun,Bomi,Bomi Village ,MCHP,346461
Pujehun,Bomu Saamba,Bomu Saama Village,MCHP,346461
Pujehun,Bongay,PEJE ,MCHP,346461
Pujehun,Borborbu,Borborbu Village,MCHP,346461
Pujehun,Borma,BORMA YKK,MCHP,346461
Pujehun,Bumbeh Pejeh,Bumbeh Pejeh Village ,MCHP,346461
Pujehun,Fonikoh,GALLINES PERRI ,MCHP,346461
Pujehun,Futagolawoma,Futa Golawomw villaeg,MCHP,346461
Pujehun,Gbahama,Gbahama vILLAGE,MCHP,346461
Pujehun,Gibina,KPANGA KABONDE ,MCHP,346461
Pujehun,Gissiwolo,Makpele ,MCHP,346461
Pujehun,Koijeh, Sorogbeima Chiefdom ,MCHP,346461
Pujehun,Kombeima,Kombeima Village,MCHP,346461
Pujehun,Konia,Konia Village,MCHP,346461
Pujehun,Kowama,GALLINAS,MCHP,346461
Pujehun,Kpowubu Massaquoi,kpowubu village,MCHP,346461
Pujehun,Liya,Lihay Village,MCHP,346461
Pujehun,Malema 1,Malema 1 Village,MCHP,346461
Pujehun,Mandeima,Mandeima Village,MCHP,346461
Pujehun,Navai,Sorogbema,MCHP,346461
Pujehun,Ngajubaoma/Missibu,Ngajuaoma Missibu Village,MCHP,346461
Pujehun,Nyandehun,Nyandehun Village ,MCHP,346461
Pujehun,Nyandehun,HYANDEHUN MANO SAKRIM,MCHP,346461
Pujehun,Pehala,Pehala Village ,MCHP,346461
Pujehun,Pejewa,Pejewa village ,MCHP,346461
Pujehun,Saahun,Saahun Kpaka ,MCHP,346461
Pujehun,Saahun,Saahun Village (Barri C/dom) ,MCHP,346461
Pujehun,Salima,KPANGE KARBONDEH,MCHP,346461
Pujehun,Sawula,Sawula Village ,MCHP,346461
Pujehun,Sebengu,Mano Sakrim,MCHP,346461
Pujehun,Sengama,Sengama Village,MCHP,346461
Pujehun,Sengama,Sengama Village,MCHP,346461
Pujehun,Sorbeh Grima,Sorbeh Grima Village ,MCHP,346461
Pujehun,Tambeyama,Tambeyama Village ,MCHP,346461
Pujehun,Taninahun,KPANGA KABONDE ,MCHP,346461
Pujehun,Taninahun,TANINAHUN MALEN,MCHP,346461
Pujehun,Tongay,TOGAY KPAGACAGBONDE,MCHP,346461
Pujehun,Upper Komende,Sowa ,MCHP,346461
Pujehun,Vaama,Barri Chiefdom ,MCHP,346461
Pujehun,Vaama,Vaama Village,MCHP,346461
Pujehun,Vawahun Sowa,Vawahun Sowa ,MCHP,346461
Pujehun,Wai,Wai village,MCHP,346461
Pujehun,Waiima,Barri Chiefdom ,MCHP,346461
Pujehun,Sumbuya,Sumbuya ,CHC,346461
Pujehun,Bumpeh Perri,GALLINAS PERRI ,CHC,346461
Pujehun,Gbondapi,Gbondapi Town,CHC,346461
Pujehun,Potoru,Potoru New town,CHC,346461
Pujehun,Sahn,MALAN CHIEFDOM ,CHC,346461
Pujehun,Zimmi,Makpele ,CHC,346461
Kailahun,Ngolahun,"Ngolahun Village, Bumpeh Ngao Chiefdom            ",CHC,527248
Kailahun,Segbwema,,CHP,527248
Kailahun,Kailahun Government Hospital,kailahun Government Hospital ,HOSPITAL,527248
Kailahun,Nixon Memorial Hospital,Segbwema,HOSPITAL,527248
Kailahun,Baiwala,Baiwala,CHC,527248
Kailahun,Bunumbu,Bunumbu town ,CHC,527248
Kailahun,Dia,Dia,CHC,527248
Kailahun,Manowa,Manowa Town,CHC,527248
Kailahun,Mobai,Mobai,CHC,527248
Kailahun,Baiima,Baiima,CHP,527248
Kailahun,Baoma Luawa,Baoma,CHP,527248
Kailahun,Bendajuma Kpolihun,BENDAJU KPOLIHUN TOWN,CHP,527248
Kailahun,Bomaru,Bomaru,CHP,527248
Kailahun,Dawa,DAWA,CHP,527248
Kailahun,Dodo Kortuma,Dodo kortuma ,CHP,527248
Kailahun,Fobu,fobu town,CHP,527248
Kailahun,Foidu,Foidu ,CHP,527248
Kailahun,Gbalahun,Gbalahun,CHP,527248
Kailahun,Gbeworbu Gao,gbeworbu gao ,CHP,527248
Kailahun,Kono-Bendu,kono-Bendu ,CHP,527248
Kailahun,Kwellu-Ngieya,Kwellu-Ngieya Town,CHP,527248
Kailahun,Laleihun Penguia,lALEIHUN penguia Chifdom,CHP,527248
Kailahun,Madina,Madina town,CHP,527248
Kailahun,Manboma,Manboma Town ,CHP,527248
Kailahun,Mano-Sewalu,sewalu,CHP,527248
Kailahun,Mofindor,Mofindor ,CHP,527248
Kailahun,Nagbena,nagbena,CHP,527248
Kailahun,Niahun Gbuyama,Niahun Gbuyama Town,CHP,527248
Kailahun,Njala-Grima,Njala-Grima,CHP,527248
Kailahun,Nyandehun Nguvoihun,nyandehun,CHP,527248
Kailahun,Nyeama,nyeama town,CHP,527248
Kailahun,Peje Baoma,peje Baoma town,CHP,527248
Kailahun,Pendembu Njeigbla,Pendembu Njeigbla ,CHP,527248
Kailahun,Pewama,Pewama town,CHP,527248
Kailahun,Sandeyallu,sandeyalle ,CHP,527248
Kailahun,Sengema Gao,sengema ,CHP,527248
Kailahun,Siama,siama,CHP,527248
Kailahun,Sienga,seinga,CHP,527248
Kailahun,Voahun,voahun,CHP,527248
Kailahun,Woroma,woroma,CHP,527248
Kailahun,Yoyah,Yoyah Town ,CHP,527248
Kailahun,Bandajuma Sinneh,bandajuma sinneh,MCHP,527248
Kailahun,Bombohun,Bombohun Town,MCHP,527248
Kailahun,Dambu,dambu town ,MCHP,527248
Kailahun,Gbandiwulo,Gbandiwulo ,MCHP,527248
Kailahun,Geima,Giema,MCHP,527248
Kailahun,Jenneh,Jenneh,MCHP,527248
Kailahun,Madopolahun,Madopolahun,MCHP,527248
Kailahun,Mende Buiima,Mende Buiima,MCHP,527248
Kailahun,Ngolahun,Ngolahun,MCHP,527248
Kailahun,Hand Maid Catholic Clinic,Hand maid catholic clinic,CLINIC,527248
Kailahun,Moa Barracks Military Clinic,Daru Moa Barracks ,CLINIC,527248
Kailahun,Swakab Clinic,BOMBORDU SWAKAB,CLINIC,527248
Kailahun,Under Fives Clinic Kailahun,DHMT Kailahun,CLINIC,527248
Kailahun,Alshadai Clinic,,CLINIC,527248
Kailahun,Daru,,CHC,527248
Kailahun,Follah,,MCHP,527248
Kailahun,Gbeika,,MCHP,527248
Kailahun,Jojoima,,CHC,527248
Kailahun,Jokibu,,MCHP,527248
Kailahun,Kambama,,CHP,527248
Kailahun,Kortuma,,MCHP,527248
Kailahun,Lalehun Kovoma,,CHP,527248
Kailahun,Malema,,CHP,527248
Kailahun,Mano-Menima,,CHP,527248
Kailahun,Massayeima,,CHP,527248
Kailahun,Pellie,,CHP,527248
Kailahun,Segbwema,,CHC,527248
Kailahun,Madina,Madina Town,CHC,527248
Kailahun,Ngeihun,NGEIHUN,MCHP,527248
Kailahun,Madina,MADINA  .,CHC,527248
Kailahun,Buedu,Buedu,CHC,527248
Kailahun,Koindu,koindu,CHC,527248
Kailahun,Pendembu,pendenbu ,CHC,527248
Kenema,Serabu,"SERABU, BUMPE-NGAO                            ",CHC,609891
Kenema,Tikonko,"TIKONKO,TIKONKO CHIEFDOM,BO                   ",CHC,609891
Kenema,Jormu,JORMU,MCHP,609891
Kenema,Pelewahun,Pelewahun,MCHP,609891
Kenema,Bongor,"Bongor Village, Bumpeh Ngao Chiefdom, Bo District ",MCHP,609891
Kenema,Talia,Talia ,CHC,609891
Kenema,Konjo,Konjo,CHP,609891
Kenema,Levuma,Levuma Town,CHP,609891
Kenema,Sandaru,sandaru,CHP,609891
Kenema,Kpandebu,kpandebu,MCHP,609891
Kenema,Mendekelema,mendekelema ,MCHP,609891
Kenema,Talia,talia,MCHP,609891
Kenema,Konta,konta Village,MCHP,609891
Kenema,Ralph Mini Hospital,"NYANDEYAMA NEW SITE, KENEMA.                      ",HOSPITAL,609891
Kenema,Government Hospital,kenema,HOSPITAL,609891
Kenema,Ahmadiyya Mission Hospital,99 HANGHA ROAD KENEMA,HOSPITAL,609891
Kenema,Panguma Hospital,"punguma, lower bambara                            ",HOSPITAL,609891
Kenema,Baama,BAMA ,CHC,609891
Kenema,Baoma Oil Mill Chc,"GBORO SECTION, BAOMA OIL MILL  .                ",CHC,609891
Kenema,Blama,BLAMA ,CHC,609891
Kenema,Boajibu,NALENGA SECTION,CHC,609891
Kenema,Dodo,Dodo ,CHC,609891
Kenema,Gorahun,GORAHUN,CHC,609891
Kenema,Hangha,"KARGBADO KANBIOMA SECTION,HANGHA TOWN.            ",CHC,609891
Kenema,Kpandebu,Kpandebu,CHC,609891
Kenema,Lowoma,"LOWOMA,LOWER BAMBARA                              ",CHC,609891
Kenema,Mondema,Mondema ,CHC,609891
Kenema,Nekabo,NEKABO,CHC,609891
Kenema,Ngelehun,"KONA KPINDEBU SECTION, NGELEHUN.                  ",CHC,609891
Kenema,Sendumei,SENDUMEI,CHC,609891
Kenema,Talia,"DAKPIANA SECTION, TALIA                         ",CHC,609891
Kenema,Tobanda,"TOBANDA, SMALL BO                                 ",CHC,609891
Kenema,Tongo,TONGO,CHC,609891
Kenema,Tungei,"TUNGEI, GORAMA MENDE CHIEFDOM                     ",CHC,609891
Kenema,Weima,Wima ,CHC,609891
Kenema,Bambara Kaima,"famanjo section, Bambara kaima, Gorama Mende      ",CHP,609891
Kenema,Bambawulo,"KONIA KPENDEBU SECTION, BAMBAWULO.                ",CHP,609891
Kenema,Belebu, BELEBU,CHP,609891
Kenema,Doujou,"DOUJOU, SMALL BO                                  ",CHP,609891
Kenema,Faala,FAALA ,CHP,609891
Kenema,Faama,Faama,CHP,609891
Kenema,Fayeima,fayeima,CHP,609891
Kenema,Gbado,sonnie section ,CHP,609891
Kenema,Gbewubu,Gbewubu,CHP,609891
Kenema,Giema,,CHP,609891
Kenema,Joi,"JOI SECTION, BAOMA KOYA CHIEFDOM.                 ",CHP,609891
Kenema,Jormu,"DAGBANYA,SECTION JORMU.                           ",CHP,609891
Kenema,Military (Mi Room )Clinic,MILITARY M.I ROOM CLINIC,CHP,609891
Kenema,Konjo,KONJO,CHP,609891
Kenema,Konta,Konta,CHP,609891
Kenema,Keptema,KEPTEMA ,CHP,609891
Kenema,Kundorma,"GOLAMA SECTION,KUNDORMA DODO CHIEFDOM.            ",CHP,609891
Kenema,Mano Njegbla,MANO NJEGBLA ,CHP,609891
Kenema,Mbowohun,sewoh section,CHP,609891
Kenema,Ngegboiya," KORE SECTION, GORAMA MENDE, NGEGBOIYA  .       ",CHP,609891
Kenema,Ngeiwahun,Ngeiwahun,CHP,609891
Kenema,Ngiehun Konjo,"NGIEHUN KONJO, MELEGOHUN                          ",CHP,609891
Kenema,Punduru,"KAMANJO SECTION, PUNDURU, GOROMA MENDE CHIEFDOM   ",CHP,609891
Kenema,Saama,Saama,CHP,609891
Kenema,Samai Town,"SAMAI TOWN, KENEMA                                ",CHP,609891
Kenema,Sarabu,"SARABU SECTION,BAOMA KOYA CHIELFDOM.              ",CHP,609891
Kenema,Sarabu,SARABU   SMALL BO,CHP,609891
Kenema,Torpkombu,TORKPOMBU,CHP,609891
Kenema,Yabaima,"yabaima, langrama                                 ",CHP,609891
Kenema,Bambara,BAMBARA ,MCHP,609891
Kenema,Bandawor,BANDAWOR,MCHP,609891
Kenema,Bendoma,"BENDOMA, MALEGOHUN                                ",MCHP,609891
Kenema,Bomie,"BOMIE, LOWER BAMBARA                              ",MCHP,609891
Kenema,Bongor,"UPER KOYA SECTION,BAOMA KOYA CHIEFDOM             ",MCHP,609891
Kenema,Burma,"GBO KAKAJAMA SECTION, KENEMA.                     ",MCHP,609891
Kenema,Degbuama,Fonikoh ,MCHP,609891
Kenema,Deima,DEIMA,MCHP,609891
Kenema,Deima,Deima,MCHP,609891
Kenema,Gbageima,"BUNDUYAMA SECTION,                                ",MCHP,609891
Kenema,Gbo Kakajama,"KAKAJAMA SECTION BY SHEIK SHEIK DRIVE, KENEMA     ",MCHP,609891
Kenema,Gbo Kakajama,"KALLAY STREET BY TEJAN STREET, KENEMA             ",MCHP,609891
Kenema,Gbo Lambayama,GBO LAMBAYAMA,MCHP,609891
Kenema,Gbo-Lambayama,"2 I.K MOHAMED STREET, BY HOTAGUA STREET, KENEMA   ",MCHP,609891
Kenema,Gelehun,gelehun ,MCHP,609891
Kenema,Gendema,"SONDHAI SECTION, GENDEMA WANDOR CHIEFDOM.         ",MCHP,609891
Kenema,Guala,korgay section ,MCHP,609891
Kenema,Helegombu,Helegombu,MCHP,609891
Kenema,Jao,JAO,MCHP,609891
Kenema,Kamboma,Kamboma ,MCHP,609891
Kenema,Kokoru, koKORU,MCHP,609891
Kenema,Komende Luyaima,KOMENDELUYAIMA ,MCHP,609891
Kenema,Konabu,Kanabu,MCHP,609891
Kenema,Kondebortihun,"GBO LAMAYAMA SECTION, KONDEBORTHUN KENEMA.        ",MCHP,609891
Kenema,Konjo,"konjo, lower bambara                              ",MCHP,609891
Kenema,Koyagema,"DAUDA TOWN, KOYAGBAMA SECTION, KENEMA             ",MCHP,609891
Kenema,Kpandebu,Nyawa,MCHP,609891
Kenema,Kpayama,Sinah Street ,MCHP,609891
Kenema,Kpayama,Kpayama 1,MCHP,609891
Kenema,Lango Town, Lango Town,MCHP,609891
Kenema,Leliema,leliema ,MCHP,609891
Kenema,London,"LONDON, SMALL BO                             ",MCHP,609891
Kenema,Loppa,LOPPA,MCHP,609891
Kenema,Majihun,MAJIHUN ,MCHP,609891
Kenema,Masaahun,"DAKPANA SECTION, NONGOWA CHIEFDOWM                ",MCHP,609891
Kenema,Mendekelema,MENDEKELEMA,MCHP,609891
Kenema,Niahun Buima,niahun BUIMA ,MCHP,609891
Kenema,Nyagbe - Bo,NYAGBE SMALL BO,MCHP,609891
Kenema,Nyandeyama,"NYANDEYAMA, GBO LAAMBAYAMA SECTION KENEMA.        ",MCHP,609891
Kenema,Panderu,KARGBADO KANBIOMA SECTION,MCHP,609891
Kenema,Patama,Patama,MCHP,609891
Kenema,Pelewahun,Pelewahun,MCHP,609891
Kenema,Perrie,Perrie,MCHP,609891
Kenema,Potehun,DGBANYA SECTION,MCHP,609891
Kenema,Sandaru Gaura,SANDARU GAURA,MCHP,609891
Kenema,Sandeyema,"SANDEYEMA, LOWER BABAMRA                          ",MCHP,609891
Kenema,Sembehun,SEMBEHUN GAURA ,MCHP,609891
Kenema,Sembeima,"sembeima, lower bambara                           ",MCHP,609891
Kenema,Semeiwabu,Semeiwabu,MCHP,609891
Kenema,Tawahun,TAWAHUN ,MCHP,609891
Kenema,Tikonko,TIKONKO ,MCHP,609891
Kenema,Vaahun,"KONA FOIYA SECTION, VAAHUN, KENEMA                ",MCHP,609891
Kenema,Venima," VENIMA, GAURA CHIEFDOM                           ",MCHP,609891
Kenema,Woyama,WOYAMA,MCHP,609891
Kenema,Sembehun,"BOLLEH SECTION,KANDU LEPPIAMA CHIFDOM.            ",MCHP,609891
Kenema,Sierra Leone Red Cross,Maxwell kobe Street,CLINIC,609891
Kenema,Friends For Life Clinic,"KPAYAMA SECTION, KENEMA                           ",CLINIC,609891
Kenema,Under Fives Clinic,KENEMA,CLINIC,609891
Kenema,African Muslim Agency Clinic,"GBO KAKAJAMA SECTION, KENEMA.                     ",CLINIC,609891
Kenema,Gao,GAO,MCHP,609891
Kenema,Dama Surgery,,HOSPITAL,609891
Kenema,Kornia Kpindema,KORNIA KPINDEMA,CHP,609891
Kenema,Sembehun,SEMBEHUN,MCHP,609891
Kenema,Sembehun,SEMBEHUN,CHC,609891
Kenema,Saama,GALLINAS PERRI ,MCHP,609891
Kenema,Baoma Koya,lower koya ,CHC,609891
Kenema,Geigbwema,Geigbwema,CHC,609891
Kenema,Joru,Joru ,CHC,609891
Kenema,Largo,Largo,CHC,609891
Kenema,Levuma,"KARGA SECTION,KANDU LEEPPYIAMA CHIFEDOM.          ",CHC,609891
Bonthe,Benduma,Benduma village,MCHP,200781
Bonthe,Yoni,YONI ,CHP,200781
Bonthe,Bonthe Government Hospital,BONTHE TOWN,HOSPITAL,200781
Bonthe,Mattru Ubc Hospital,Mattru,HOSPITAL,200781
Bonthe,Industrial Hospital  - Sierra Rutile,INDUSTRIAL HOSPITAL CLINIC ,HOSPITAL,200781
Bonthe,Gbap,Gbap Village ,CHC,200781
Bonthe,Mattru,Mattru Town,CHC,200781
Bonthe,Mogbwemo,Mogbwemo ,CHC,200781
Bonthe,Motuo,Motuo,CHC,200781
Bonthe,Tissana,TISSANA VILLAGE,CHC,200781
Bonthe,Gbongeh,Gbongeh Village,CHP,200781
Bonthe,Gbangbaia,Gbangbaia Town ,CHP,200781
Bonthe,Jangallor,Jangallor Village ,CHP,200781
Bonthe,Kabati,Kabati Village ,CHP,200781
Bonthe,Mammi,Maami,CHP,200781
Bonthe,Minah,MINAH VILLAGE,CHP,200781
Bonthe,Tei,TEI VILLAGE,CHP,200781
Bonthe,Toma Bum,Torma Bum,CHP,200781
Bonthe,Topan,To-pan Village ,CHP,200781
Bonthe,Yargoi,Yargoi Village ,CHP,200781
Bonthe,Jorma,JEORMA,CHP,200781
Bonthe,Gbaninga,Gbaninga Town,CHP,200781
Bonthe,Baoma Kpenge,Baoma Kpenge ,MCHP,200781
Bonthe,Delken,DELKEN VILLAGE ,MCHP,200781
Bonthe,Gambia Popayma,Gambia Popayma ,MCHP,200781
Bonthe,Gbamani,Gbamani Village,MCHP,200781
Bonthe,Junctionla,Junctionla Town,MCHP,200781
Bonthe,Kanga.,KANGA VILLAGE,MCHP,200781
Bonthe,Mandu,Mandu village,MCHP,200781
Bonthe,Mania,MANIA VILLAGE,MCHP,200781
Bonthe,Mbkie,MBOKIE TOWN,MCHP,200781
Bonthe,Mindohun,Mindohun,MCHP,200781
Bonthe,Mobefa,Mobefa,MCHP,200781
Bonthe,Mokaba,Mokaba,MCHP,200781
Bonthe,Mongerewa,Mongerewa Village ,MCHP,200781
Bonthe,Moyowa,MOYOWA Town,MCHP,200781
Bonthe,Ngepayhun,Ngepehun,MCHP,200781
Bonthe,Ngesehun,Ngesehun Town,MCHP,200781
Bonthe,Ngueh,Ngueh Town ,MCHP,200781
Bonthe,Semabu,Semabu,MCHP,200781
Bonthe,Senehun Gblo,Senehun Village.,MCHP,200781
Bonthe,Senjehun,Senjehun,MCHP,200781
Bonthe,Sogballeh,Sogballeh ,MCHP,200781
Bonthe,Taigbe,TAIGBE VILLAGE ,MCHP,200781
Bonthe,Victoria,Victoria Town,MCHP,200781
Bonthe,Saint Josseph'S Clinic,Bonthe town,CLINIC,200781
Bonthe,Gbangbama Clinic Chc,Gbamgbama,CLINIC,200781
Bonthe,Under Fives Clinic,Bonthe Island ,CLINIC,200781
Bonthe,Sl Red Cross Clinic,SL RED CROSS CLINIC,CLINIC,200781
Bonthe,York Island,York Island,CLINIC,200781
Bonthe,Tombay,tOMBAY VILLAGE ,CLINIC,200781
Bonthe,Maamu,MAAMU,MCHP,200781
Bonthe,Bonthe Government Hospital,MADINA ST,HOSPITAL,200781
Bonthe,Ubc Under Fives,MATTRU,MCHP,200781
Bonthe,Ngepay,NGEPAY,CHP,200781
Bonthe,Tissana,,CHP,200781
Bonthe,Tissana,Tissana ,MCHP,200781
Bonthe,Benduma,Benduma Town ,CHC,200781
Bonthe,Tihun,Tihun Town ,CHC,200781
Bonthe,Yoni,Yoni Town,CHC,200781
Bonthe,Gambia Town,Gambia Town,CHC,200781
Tonkolili,Foindu,Foindu,MCHP,514602
Tonkolili,Mamaka,Mamaka,CHP,514602
Tonkolili,Foindu, FOINDU,CHC,514602
Tonkolili,Mabang,MABANG,MCHP,514602
Tonkolili,Masumana,MASUMANA,CHP,514602
Tonkolili,Magburaku Government Hospital,MAGBURAKA,HOSPITAL,514602
Tonkolili,Masanga Leprosy Hospital,Masanga ,HOSPITAL,514602
Tonkolili,Lion Heart Hospital,47 WATER WORKS ROAD YELE TOWN,HOSPITAL,514602
Tonkolili,Bendugu,Bendugu ,CHC,514602
Tonkolili,Mabang,"MABANG VILLAGE, MABANG SECTION                    ",CHC,514602
Tonkolili,Manowo,MANOWO,CHC,514602
Tonkolili,Mathoir,OLD TOWN ROAD MATHOIR,CHC,514602
Tonkolili,Matotoka,Matotoka,CHC,514602
Tonkolili,Mabom,Mabom,CHP,514602
Tonkolili,Magbanabom,magbanabom ,CHP,514602
Tonkolili,Magbass,Magbass ,CHP,514602
Tonkolili,Mamansosanka,mamansosanka ,CHP,514602
Tonkolili,Mansumana,MANSUMANA,CHP,514602
Tonkolili,Masumbire,Masumbire,CHP,514602
Tonkolili,Mayepoh,MAYEPPOH VILLAGE,CHP,514602
Tonkolili,Rochen Malal,ROCHEN MALAL VILLAGE ,CHP,514602
Tonkolili,Bakeloko,YONI BAKELOKO,MCHP,514602
Tonkolili,Bassaia,Bassaia ,MCHP,514602
Tonkolili,Bathbana,BATHBANA VILLAGE,MCHP,514602
Tonkolili,Bonkababay,BONKABABAY VILLAGE,MCHP,514602
Tonkolili,Dankawalia,Dankawalia ,MCHP,514602
Tonkolili,Foindu,FOINDU VILLAGE ,MCHP,514602
Tonkolili,Fothaneh Bana,FOTHANEH BANA,MCHP,514602
Tonkolili,Fothaneh Junction,fothaneh junction ,MCHP,514602
Tonkolili,Kaimp Kakolo Mach,KAIMPKAKOLO VILLAGE,MCHP,514602
Tonkolili,Kamsepena,Kamasepena ,MCHP,514602
Tonkolili,Kathombo,Kathombo,MCHP,514602
Tonkolili,Kemedugu,Kemedugu,MCHP,514602
Tonkolili,Kholifaga,Kholifaga,MCHP,514602
Tonkolili,Kumrabai Station,KOLIFA MABANG,MCHP,514602
Tonkolili,Kumrabi Yoni,YONI KUMBRABAI ,MCHP,514602
Tonkolili,Kunya,Kunya,MCHP,514602
Tonkolili,Mabai,Mabai,MCHP,514602
Tonkolili,Mabarr Poli,MABARR POLI VILLAGE,MCHP,514602
Tonkolili,Mabineh,Mabineh ,MCHP,514602
Tonkolili,Maborie,Maborie ,MCHP,514602
Tonkolili,Maconteh Tama,Maconteh,MCHP,514602
Tonkolili,Macorbana,MALAL MARA ,MCHP,514602
Tonkolili,Macrogba,MACROGBA VILLAGE,MCHP,514602
Tonkolili,Mafay,MAFAY,MCHP,514602
Tonkolili,Mafulka,Mafulka ,MCHP,514602
Tonkolili,Magbaesa,MAGBAESA VILLAGE,MCHP,514602
Tonkolili,Magbafth,MAGBAFTH VILLAGE,MCHP,514602
Tonkolili,Magbantobana,MAGBANTOBANA ,MCHP,514602
Tonkolili,Magbassa Bana,MAGBASSIA BANA VILLAGE,MCHP,514602
Tonkolili,Magbossi,YONI MAGBOSIE,MCHP,514602
Tonkolili,Under Fives Clinic,MAGBORAKA,MCHP,514602
Tonkolili,Makelleh,MALOMPOR,MCHP,514602
Tonkolili,Makeni Rokfula,yoni Makeri,MCHP,514602
Tonkolili,Makona,Makona,MCHP,514602
Tonkolili,Makondu,MAKONDU VILLAGE,MCHP,514602
Tonkolili,Makonie Line,Makonie line ,MCHP,514602
Tonkolili,Makonkorie,MAKONKORIE VILLAGE,MCHP,514602
Tonkolili,Makonthaday,Mathonthaday ,MCHP,514602
Tonkolili,Makrugbe,MAKRUGBE,MCHP,514602
Tonkolili,Malone,Malone,MCHP,514602
Tonkolili,Mamaka,MAMAKA,MCHP,514602
Tonkolili,Mamansokafla,MANSOKAFLA ,MCHP,514602
Tonkolili,Mamuntha,Mamuntha,MCHP,514602
Tonkolili,Manannie,MANANIE VILLAGE YONI ,MCHP,514602
Tonkolili,Mangay Bana,MANGAY BANA,MCHP,514602
Tonkolili,Mapamurie,Mapamurie,MCHP,514602
Tonkolili,Maraka,MAKARA,MCHP,514602
Tonkolili,Marunia,MARUNIA VILLAGE BY KHOLIFA MABANG,MCHP,514602
Tonkolili,Masaba,Masaba,MCHP,514602
Tonkolili,Masanga,Masanga ,MCHP,514602
Tonkolili,Masankoro,MASANKORO,MCHP,514602
Tonkolili,Masengbeh,MASENGBEH,MCHP,514602
Tonkolili,Masiaka,Masiaka ,MCHP,514602
Tonkolili,Masiperr,MASIPERE VILLAGE GANDAMA SECTION,MCHP,514602
Tonkolili,Mosoko,Masoko,MCHP,514602
Tonkolili,Matawa,YONI MATAWA,MCHP,514602
Tonkolili,Mathamp,MATHAMP VILLAGE,MCHP,514602
Tonkolili,Mathinka Lol,KHOLIFA MABANG ,MCHP,514602
Tonkolili,Matholley,Matholley,MCHP,514602
Tonkolili,Mathonkara,Mathonkara ,MCHP,514602
Tonkolili,Matuflie,matuflie,MCHP,514602
Tonkolili,Mayasso,Mayasso ,MCHP,514602
Tonkolili,Mayorgbor,YONI MAYORGBOR ,MCHP,514602
Tonkolili,Mayossoh,Mayossoh,MCHP,514602
Tonkolili,Magboki Road,MAGBOKI ROAD ,MCHP,514602
Tonkolili,New Ferengbeia,New Ferengbeia ,MCHP,514602
Tonkolili,Nikikoro,Nikikoro,MCHP,514602
Tonkolili,Petifu Fulamasa,PETIFU FULAMASA VILLAGE ,MCHP,514602
Tonkolili,Petifu Line,Petifu Line,MCHP,514602
Tonkolili,Petifu Mandugu,Petifu Mandugu ,MCHP,514602
Tonkolili,Petifu Mayepoh,PATIFU MAYEPOH ,MCHP,514602
Tonkolili,Robarie,Yoni Malacho ,MCHP,514602
Tonkolili,Robina,ROBINA VILLAGE BY MALAL MARA ,MCHP,514602
Tonkolili,Rochen Kamandao,ROCHEN KAMANDAO VILLAGE ,MCHP,514602
Tonkolili,Rokimbi,ROKIMBI 2 ALONG BO HIGH WAY ROAD,MCHP,514602
Tonkolili,Ronietta,YONI RONIETTA,MCHP,514602
Tonkolili,Rorocks,YONI RORUKS,MCHP,514602
Tonkolili,Rosembeh,Rosembeh,MCHP,514602
Tonkolili,Wonkibor,wonkibor,MCHP,514602
Tonkolili,Yeben,YEBEN VILLAGE GBONKOLENKEN ,MCHP,514602
Tonkolili,Yonibana,STATION ROAD YONIBANA,MCHP,514602
Tonkolili,Our Lady Of Guadalupe,24 KOROMA STREET MILE 91,CLINIC,514602
Tonkolili,Mabai Junction,MABIA JUNCTION,MCHP,514602
Tonkolili,Masiaka,MASIAKA ,CHC,514602
Tonkolili,Bunbuna,Bumbuna ,CHC,514602
Tonkolili,Mabonto,Mabonto ,CHC,514602
Tonkolili,Makali,MAKALI,CHC,514602
Tonkolili,Masingbi,Masingbi,CHC,514602
Tonkolili,Hinistas,MILE 91 ,CHC,514602
Tonkolili,Yele,41 OLD BO ROAD YELE TOWN,CHC,514602
Kono,Yengema,"Yengeme Village, Bumprh Chiefdom, Bo District     ",MCHP,505174
Kono,Baoma,BAOMA,CHP,505174
Kono,Kpetema,KPETEME,MCHP,505174
Kono,Bumpeh,Bumpeh,CHP,505174
Kono,Kangama,kangama ,CHP,505174
Kono,Sandia,sandia,CHP,505174
Kono,Kpetema,Kpetema,CHC,505174
Kono,Torkpombu,TORKPOMBU ,MCHP,505174
Kono,Government Hospital,Koidu,HOSPITAL,505174
Kono,Baiama,Baiama,CHC,505174
Kono,Kainkordu,KAINKORDU,CHC,505174
Kono,Kimbadu,Kimbadu ,CHC,505174
Kono,Koaquima,KOAQUIMA,CHC,505174
Kono,Motema,MOTEMA,CHC,505174
Kono,Njagbema,NJAGBEMA,CHC,505174
Kono,Tombodu,Tombodu ,CHC,505174
Kono,Yengema,YENGEMA ,CHC,505174
Kono,Yormandu,YAMANDU,CHC,505174
Kono,Baoma,BAOMA,CHP,505174
Kono,Bumpeh,BUMPEH TOWN,CHP,505174
Kono,Condama,Condama ,CHP,505174
Kono,Febemdo,Febendu ,CHP,505174
Kono,Kamadu,Kamadu,CHP,505174
Kono,Massabendu,massabendu ,CHP,505174
Kono,Ngotown,ngotown,CHP,505174
Kono,Peyima,PEYIMA VILLAGE ,CHP,505174
Kono,Sandia,Sandia,CHP,505174
Kono,Sukudu,SUKUDU ,CHP,505174
Kono,Tefeya,TEFEYA ,CHP,505174
Kono,Woama,WOAMA,CHP,505174
Kono,Wordu,Wordu,CHP,505174
Kono,Bandasuma Fiama,BANDASUMA,MCHP,505174
Kono,Bangambaya,BANGAMBAYA,MCHP,505174
Kono,Bombodu,Bombodu ,MCHP,505174
Kono,Boroma,Boroma Town,MCHP,505174
Kono,Bunabu,Bunabu,MCHP,505174
Kono,Feuror,Feuror,MCHP,505174
Kono,Foakor,Foakor,MCHP,505174
Kono,Gbamandu,GBAMANDU,MCHP,505174
Kono,Gbampriadu,GBAMPRIADU VILLAGE,MCHP,505174
Kono,Gbangadu,GBANGADU,MCHP,505174
Kono,Gbeaya,Gbeaya,MCHP,505174
Kono,Gbetema,Gbetema ,MCHP,505174
Kono,Gbongongor,Gbongongor,MCHP,505174
Kono,Kamiendor,Kamiendor,MCHP,505174
Kono,Kanekor,KANEKOR ,MCHP,505174
Kono,Kensay,Kenay,MCHP,505174
Kono,Koakor,Koakor Town,MCHP,505174
Kono,Koardu,KOARDU,MCHP,505174
Kono,Kochero,KOCHERO ,MCHP,505174
Kono,Koeyor,koeyor,MCHP,505174
Kono,Koima,Koima,MCHP,505174
Kono,Koindu Kuttay,Koindu Kuttay,MCHP,505174
Kono,Kondeya,KONDEYA ,MCHP,505174
Kono,Kondewakor,Kondewakor ,MCHP,505174
Kono,Kongoifeh,Kongoifeh,MCHP,505174
Kono,Kpetema,kpetema ,MCHP,505174
Kono,Kundundu,KUNDUNDU,MCHP,505174
Kono,Kwangor,Kwangor ,MCHP,505174
Kono,Manjama,Manjama ,MCHP,505174
Kono,Masundu,MASUNDU,MCHP,505174
Kono,Mansundu,MANSUNDU VILLAGE,MCHP,505174
Kono,Ngaya,NGAYA VILLAGE,MCHP,505174
Kono,Njagbwema,NJAGBWEMA,MCHP,505174
Kono,Njagbwema,njagbwema,MCHP,505174
Kono,Peya,peya ,MCHP,505174
Kono,Quidadu,QUIDADU ,MCHP,505174
Kono,Saiama,Saiama,MCHP,505174
Kono,Samadu,samadu,MCHP,505174
Kono,Sambaya,SAMBAYA TOWN ,MCHP,505174
Kono,Samiquidu,samiquidu,MCHP,505174
Kono,Seidu,seidu,MCHP,505174
Kono,Senjekor,SENJEKOR,MCHP,505174
Kono,Simbakoro,SIMBAKORO ARMY BARRACKS KONO ,MCHP,505174
Kono,Sindadu,SINDADU ,MCHP,505174
Kono,Small Sefadu,SMALL SEFADU,MCHP,505174
Kono,Sukudu Soa,SUKUDU,MCHP,505174
Kono,Sunga,SUNGA,MCHP,505174
Kono,Tongorma,Tongorma,MCHP,505174
Kono,Torkpombu,Torkpombu,MCHP,505174
Kono,Walihun,walihun ,MCHP,505174
Kono,Yardu,yardu,MCHP,505174
Kono,Yekior,YEKIOR,MCHP,505174
Kono,Wellbody Clinic,Dorma Community,CLINIC,505174
Kono,Adama Matta Memorial Clinic,Jericho Road Ministries ,CLINIC,505174
Kono,Arab Clinic,Main kainkodu road,CLINIC,505174
Kono,Marie Stopes Clinic,Kaikodu Road ,CLINIC,505174
Kono,Umc Mitchener Memorial Clinic,jiama Nimikoro ,CLINIC,505174
Kono,White House Clinic,47 Suku Tamba Street ,CLINIC,505174
Kono,Jaiama Sewafeh Chc,JAIAMA SEWAFEH ,CHC,505174
Kono,Kangama,KANGAMA ,CHC,505174
Kono,Kayima,Kayima,CHC,505174
Kono,Komba Yendeh,KOMBAYENDEH,CHC,505174
Bombali,Kamakwie Wesleyan Hospital,SERLA LIMBA CHIEFDOM ,HOSPITAL,422960
Bombali,Makeni Government Hospita,Makama,HOSPITAL,422960
Bombali,Holy Spirit Catholic Hosp,Holy Spirit Road,HOSPITAL,422960
Bombali,City Garden,4 Arabic College Road,HOSPITAL,422960
Bombali,Stocco Lp/Tb Clinic,Stocco Road Makeni,HOSPITAL,422960
Bombali,Magbenteh Community Hospital,Magbenteh,HOSPITAL,422960
Bombali,Kamaranka,Ganti Kamaranka,CHC,422960
Bombali,Gbendenbu,Gbendenbu,CHC,422960
Bombali,Kagbaneh,kagbaneh,CHC,422960
Bombali,Kathanta Yimbo,SELLA LIMBA,CHC,422960
Bombali,Mapaki,Mapaki,CHC,422960
Bombali,Masongbo,masongbo,CHC,422960
Bombali,Panlap,PANLAP,CHC,422960
Bombali,Rokonta,Rokonta Village,CHC,422960
Bombali,Tambiama,TAMBIAMA,CHC,422960
Bombali,Tonko Maternity,Arabic College Road,CHP,422960
Bombali,Bumban,BUBAN COMMUNITY,CHP,422960
Bombali,Dumbaya,DUMBUYA,CHP,422960
Bombali,Fulla Town 1,fulla town 1 ,CHP,422960
Bombali,Fullah Town 2,Fullah Town,CHP,422960
Bombali,Gbainkfey,0,CHP,422960
Bombali,Gborongoh Makarankay,Gborongoh Makakarankay GBANTI kAMARAKAY chiefdom,CHP,422960
Bombali,Hunduwa,Hunduwa ,CHP,422960
Bombali,Kabba Ferry,Kabba Ferry Village,CHP,422960
Bombali,Kabombeh,Kabombeh,CHP,422960
Bombali,Kabonka,KABONKA ,CHP,422960
Bombali,Kagbankona,BIRIWA CHIEFDOM,CHP,422960
Bombali,Kagbo,Kargbo,CHP,422960
Bombali,Kagbere,Kagbere village,CHP,422960
Bombali,Kaimunday,Kaimunday,CHP,422960
Bombali,Kamasikie,Kamasikie,CHP,422960
Bombali,Kamawonie,Kamawonie village ,CHP,422960
Bombali,Kanikay,kanikay village,CHP,422960
Bombali,Karina,Karina,CHP,422960
Bombali,Kathanta Bana,Kathanta Bana,CHP,422960
Bombali,Kayainkassa,BIRIWA CHIEFDDOM,CHP,422960
Bombali,Kayassi,kayasi,CHP,422960
Bombali,Kayongoro,BIRIWA CHIEFDOM,CHP,422960
Bombali,Kolisokor,Kolisokor,CHP,422960
Bombali,Kortuhun,Kortuhun,CHP,422960
Bombali,Kunsho,Kunsho,CHP,422960
Bombali,Mabayo,Mabayo,CHP,422960
Bombali,Mabolleh,MABOLLEH,CHP,422960
Bombali,Madina Loko,Madina Loko,CHP,422960
Bombali,Magbaikoli,MAGBAIKOLI ,CHP,422960
Bombali,Maharibo,SANDER LOKO,CHP,422960
Bombali,Maharie,maharie ,CHP,422960
Bombali,Makaiba,Makaiba ,CHP,422960
Bombali,Makama,Makama,CHP,422960
Bombali,Makarie,Makarie ,CHP,422960
Bombali,Makeni Lol,Makeni Lol ,CHP,422960
Bombali,Makolor,MAKOLOR ,CHP,422960
Bombali,Makump,Makump Village ,CHP,422960
Bombali,Mangay Loko,Mangay Loko,CHP,422960
Bombali,Manjoro,Manjoro ,CHP,422960
Bombali,Masabong Pil,Masabong Pil ,CHP,422960
Bombali,Masankorie,SELLA LIMBA,CHP,422960
Bombali,Maselleh,Maselleh,CHP,422960
Bombali,Masingbi Loi,MASINGBI LOI ,CHP,422960
Bombali,Masongbo Limba,Masongbo limba ,CHP,422960
Bombali,Massory,Massory ,CHP,422960
Bombali,Matenneh,Matenneh,CHP,422960
Bombali,Matoto,Matoto,CHP,422960
Bombali,Pate Bana,Pate Bana,CHP,422960
Bombali,Punthung,Punthung,CHP,422960
Bombali,Robat,Robat,CHP,422960
Bombali,Rothata,Rothata Village,CHP,422960
Bombali,Royeama,Royeama Village Gbanti Kamaranka,CHP,422960
Bombali,Tonkomba,Tonkomba,CHP,422960
Bombali,Yainkasa,Yainkasa,CHP,422960
Bombali,Kateneh,KATENEH ,MCHP,422960
Bombali,Bumbanday,Bunbandain ,MCHP,422960
Bombali,Kapethe,kapethe ,MCHP,422960
Bombali,Mabonkani,Mabonkani,MCHP,422960
Bombali,Magbaingba,magbaingba ,MCHP,422960
Bombali,Mambiama,m/ndowohun ,MCHP,422960
Bombali,Manac,manac village,MCHP,422960
Bombali,Marcoba Loko,Marcoba loko village ,MCHP,422960
Bombali,Masongbo Loko,Masongbo Loko,MCHP,422960
Bombali,Police Clinic,"Mena,Makeni                                       ",MCHP,422960
Bombali,S.L.Red Cross,Mabanta Road ,CLINIC,422960
Bombali,Loreto Health Services,"5 Station Road, Makeni                            ",CLINIC,422960
Bombali,Marie Stopes,Ladies Mile,CLINIC,422960
Bombali,African Muslim Agency,Maburka Highway,CLINIC,422960
Bombali,Hamanda Clinic,Makeni Town,CLINIC,422960
Bombali,Sanda Clinic,52 Mansaray Lane,CLINIC,422960
Bombali,Manonkoh,Manonkoh Village,CLINIC,422960
Bombali,Masuba Static,Masuba,CLINIC,422960
Bombali,Chp. Clinic Stocco,PRIMARY HEALTH CARE STOCCO ,CLINIC,422960
Bombali,Teko Military,"Teko Military Barraks, Makeni                     ",CLINIC,422960
Bombali,Hamanda Clinic,SANDER LOKO,CLINIC,422960
Bombali,Amara Hawa Community Clinic,Kunsho,Other,422960
Bombali,Kerefay Loko,Kerefay Loko ,Other,422960
Bombali,Teko Brigade Medical Inspection Room,Teko Barraks ,Other,422960
Bombali,Happy Kid And Adolescent,MAKENI TOWN,CLINIC,422960
Bombali,Arab Hospital,NEW YORK,HOSPITAL,422960
Bombali,Yankassa,YANKASSA,MCHP,422960
Bombali,Kamaranka,KAMARANKA,CHP,422960
Bombali,Mara,MALAMARA,CHC,422960
Bombali,Manewa,MANEWA,MCHP,422960
Bombali,Binkolo,BINKOLO ,CHC,422960
Bombali,Kagbere,Kagbere ,CHC,422960
Bombali,Kamabai,Kamabai ,CHC,422960
Karene,Fintonia,Fintonia Village Tambaka Chiefdom,CHC,284807
Karene,Gbanti,,CHC,284807
Karene,Kamalo,Kamalo village sella loko chiefdom ,CHC,284807
Karene,Mabunduka,Mabunduka,CHC,284807
Karene,Mateboi,Meteboi ,CHC,284807
Karene,Rokulan,Rokulan village,CHC,284807
Karene,Gbonkobana,Gbonko Bana Village,CHP,284807
Karene,Gbonkonka,gbonkonka,CHP,284807
Karene,Kamabaio,SELLA LIMBA CHIEFDOM ,CHP,284807
Karene,Kamakwie,KAMAKWIE ,CHP,284807
Karene,Kaponkie,Kaponkie Village Sella limba Chiefdom ,CHP,284807
Karene,Laiya,SANDA LOKO ,CHP,284807
Karene,Laminaya,SANDA LOKO CHIEF,CHP,284807
Karene,Rogbin,SANDER TENDAREN,CHP,284807
Karene,Samaya,Samaya village ,CHP,284807
Karene,Sanya,Sanya Village,CHP,284807
Karene,Madina Fullah,MADINA FULLAH,CHP,284807
Karene,Sendugu,Sendugu ,CHC,284807
Karene,Komneh,Komneh,CHP,284807
Karene,Rogballan Dibia,Rogballan,CHP,284807
Karene,Magbolonthor,Magbolonthor ,MCHP,284807
Karene,Rokamba,rokamba ,MCHP,284807
Karene,Batkanu,batkanu ,CHC,284807
Port Loko,Kambia,Kambia Kakulor ,CHP,530865
Port Loko,Makiteh,Makiteh ,CHP,530865
Port Loko,Maforay,Maforay Village,CHP,530865
Port Loko,Lungi Government Hospital,Lungi,HOSPITAL,530865
Port Loko,Batist Eye Hospital,lunsar,HOSPITAL,530865
Port Loko,Bai Bureh Memorial Hosp.,Mahera Lungi ,HOSPITAL,530865
Port Loko,Emergency Hospital,Petifu Junction Loko Masama,HOSPITAL,530865
Port Loko,Port Loko Government Hospital,port loko,HOSPITAL,530865
Port Loko,St. John Of God Catholic Hospital,Lungi,HOSPITAL,530865
Port Loko,Conakry Dee,"Conakry Dee, Lungi.                               ",CHC,530865
Port Loko,Gbinti  C H C,Gbinti,CHC,530865
Port Loko,Kamasondu C H C,kamasondu,CHC,530865
Port Loko,Mahera,Mahera Lungi ,CHC,530865
Port Loko,Malekuray,malekuray,CHC,530865
Port Loko,Masimera C H C,MASIMERA,CHC,530865
Port Loko,Pepel,Pepel,CHC,530865
Port Loko,Targrin,Targrin ,CHC,530865
Port Loko,Babara,Babara,CHP,530865
Port Loko,Bailor-Chp,Bailor Wharf ,CHP,530865
Port Loko,Barmoi C H P,Bamoi B K M. ,CHP,530865
Port Loko,Foindu C H P,FOINDU,CHP,530865
Port Loko,Foredugu C H P,Foredugu,CHP,530865
Port Loko,Gbainty-Wallah,Gbainty Wallah ,CHP,530865
Port Loko,Gbane-Bana,Gbane-Bana ,CHP,530865
Port Loko,Gbomsamba  C H P,gbomsamba,CHP,530865
Port Loko,Kagbanthama,Kagbanthama,CHP,530865
Port Loko,Kagbulor,Kagbulor Wallah,CHP,530865
Port Loko,Kambia Makama,KAMBIA MAKAMA,CHP,530865
Port Loko,Katick   C H P,katick,CHP,530865
Port Loko,Konta Wallah,KONTA Wallah Island,CHP,530865
Port Loko,Konta-Line C H P,KONTA - LINE ,CHP,530865
Port Loko,Under Fives Clinic - Lungi,Lungi,CHP,530865
Port Loko,Mafoimara  C H P,mafoimara,CHP,530865
Port Loko,Magbil -,MAGBIL,CHP,530865
Port Loko,Makiteh,makiteh ,CHP,530865
Port Loko,Malal,MALAL,CHP,530865
Port Loko,Malap,Malap,CHP,530865
Port Loko,Mana Ii,Mana II ,CHP,530865
Port Loko,Maron  C H P,Maron,CHP,530865
Port Loko,Mathen - Mcph,Mathen,CHP,530865
Port Loko,Mile 38,MILE 38 ,CHP,530865
Port Loko,Mathormore M C H P,ROKEL,CHP,530865
Port Loko,New Maforki,MORIA,CHP,530865
Port Loko,Under Fives Clinic - Lungi,Port Loko,CHP,530865
Port Loko,Yongoro,Yongoro ,CHP,530865
Port Loko,Benkia,Benkia,MCHP,530865
Port Loko,Bundulai Mchc,Bundulai,MCHP,530865
Port Loko,Bureh,Bureh,MCHP,530865
Port Loko,Gbane-Lol M C H P,Gbane - Lol Lungi ,MCHP,530865
Port Loko,Gbogbodo M C H P,Gbogbodo,MCHP,530865
Port Loko,Gbomsamba  C H P,Gbombana,MCHP,530865
Port Loko,Gbonko-Kerene M C H P,gonko kerene ,MCHP,530865
Port Loko,Kalangba,Kalangba,MCHP,530865
Port Loko,Kalangba Bureh,Kalangba,MCHP,530865
Port Loko,Kantia C H P,Kantia,MCHP,530865
Port Loko,Kasongha,Kasongha Lungi ,MCHP,530865
Port Loko,Katonga -,Katongha,MCHP,530865
Port Loko,Kawenga,Kawenga ,MCHP,530865
Port Loko,Kissi Koya M C H P,KISSY KOYA ,MCHP,530865
Port Loko,Komrabai Nyollah M C H P,KOMRABAI  NYOLLAH ,MCHP,530865
Port Loko,Kuranko M C H P,KURANKO ,MCHP,530865
Port Loko,Saint John Of God Hosp.,Mabeseneh,MCHP,530865
Port Loko,Mabain M C H P,Mabain,MCHP,530865
Port Loko,Maboni M C H P,MABONI,MCHP,530865
Port Loko,Mabor M C H P,MABORAH ,MCHP,530865
Port Loko,Mabureh Mendi M C H P,mabureh mendi,MCHP,530865
Port Loko,Maforay M C H P,MAFORAY ,MCHP,530865
Port Loko,Magbegbera,MAGBEGBERA ,MCHP,530865
Port Loko,Magbele,magbele town ,MCHP,530865
Port Loko,Magbeni M C H P,MAGBENI ,MCHP,530865
Port Loko,Magbornor M C H P,Magbornoh,MCHP,530865
Port Loko,Makaba M C H P,makaba,MCHP,530865
Port Loko,Makabo  -,MAKABO,MCHP,530865
Port Loko,Makalie M C H P,MAKALIE ,MCHP,530865
Port Loko,Makarankay M C H P,MAKARANKAY ,MCHP,530865
Port Loko,Malenki,MALENKI ,MCHP,530865
Port Loko,Mamaligie M C H P,MAMALIGIE,MCHP,530865
Port Loko,Mamankie,Mamankie,MCHP,530865
Port Loko,Mamuntheneh M C H P,mamuntheneh,MCHP,530865
Port Loko,Mamusa -Mchp,mamusa,MCHP,530865
Port Loko,Mapawn,mapawn,MCHP,530865
Port Loko,Mapilah,Mapilah ,MCHP,530865
Port Loko,Maronko,maronko ,MCHP,530865
Port Loko,Masamboi M C H P,masamboi,MCHP,530865
Port Loko,Masseseh,Masesseh,MCHP,530865
Port Loko,Mathen - Mcph,mathen,MCHP,530865
Port Loko,Mawoma M C H P,MAWOMA,MCHP,530865
Port Loko,Mayaola-Lal-Raton M C H P,mayolal ,MCHP,530865
Port Loko,Mayombo,MAYOMBO ,MCHP,530865
Port Loko,Menika -,Menika,MCHP,530865
Port Loko,Nonkoba C H P,masimera,MCHP,530865
Port Loko,Slrcs Maforki,SLRC ,MCHP,530865
Port Loko,Robaka M C H P,robaka,MCHP,530865
Port Loko,Rogballan Kasseh,Rogballan,MCHP,530865
Port Loko,Rogbaneh,Rogbaneh Village,MCHP,530865
Port Loko,Mathormore M C H P,Minthomore ( Minthomore   is the name ).,MCHP,530865
Port Loko,Rokon,rokon,MCHP,530865
Port Loko,Rogballan Kasseh,Rokutolon,MCHP,530865
Port Loko,Romeni,ROmeni,MCHP,530865
Port Loko,Rosint,ROSINT BUYA,MCHP,530865
Port Loko,Wara-Bana,WOREH BANA,MCHP,530865
Port Loko,Warima,WARIMA,MCHP,530865
Port Loko,Modia General Cinic,Modia,CLINIC,530865
Port Loko,"Air Port Community Health Centre, Lungi",AIR PORT LUNGI,CLINIC,530865
Port Loko,Rolamray -,ROLAMRAY,MCHP,530865
Port Loko,Warima,WARIMA,MCHP,530865
Port Loko,Songo,Songo,CHC,530865
Port Loko,Madaka,Madaka koya Rural ,MCHP,530865
Port Loko,Makobeh,Makobeh Village,MCHP,530865
Port Loko,Kalangba,kalangba,CHC,530865
Port Loko,Gberay Junction Chc,ROGBERE JUNCTION,CHC,530865
Port Loko,Lunsara  -,lunsar,CHC,530865
Port Loko,Mange C H C,Mangay Bureh ,CHC,530865
Port Loko,Petifu Junction Chc,Petifu Junction,CHC,530865
Moyamba,Moriba Town,MORIBA TOWN,CHC,319148
Moyamba,Komende,Komende Village,MCHP,319148
Moyamba,Lawana,Lawana,MCHP,319148
Moyamba,Ngiehun,ngiehun ,CHP,319148
Moyamba,Njama,NJAMA TOWN ,MCHP,319148
Moyamba,Gandorhun,"gandorhun, niawa                                  ",MCHP,319148
Moyamba,Komende,"komende station, konia foya, kenema               ",MCHP,319148
Moyamba,Njagbahun,NJAGBAHUN,MCHP,319148
Moyamba,Njagbahun,"NJAGBAHUN,  LOWER BAMBARA                         ",MCHP,319148
Moyamba,Njala,NJALA ,CHC,319148
Moyamba,Gondama,Gondama village,MCHP,319148
Moyamba,Refferal,Shaka Steven street,HOSPITAL,319148
Moyamba,Hatfield Archer Memorial Hospital Umc),ROTIFUNK,HOSPITAL,319148
Moyamba,Bauya,Bauya,CHC,319148
Moyamba,Bomotoke,BOMOTOKE,CHC,319148
Moyamba,Bradford,BRADFORD,CHC,319148
Moyamba,Gandorhun,GANDORHUN,CHC,319148
Moyamba,Kankahun,KANGAHUN,CHC,319148
Moyamba,Mano,"Manao Dasse Town, Dasse Chiefdom, Moyamba District",CHC,319148
Moyamba,Mokelleh,"Mokelleh, Upper Banta Chiefdom                ",CHC,319148
Moyamba,Monkanji,"Monkanji Town, Lower Banta Chiefdom, Moyamba Distr",CHC,319148
Moyamba,Chc Static Ii,Goverment hospital,CHC,319148
Moyamba,Ngolala Junction,"Ngolala Junction, Upper Banta                     ",CHC,319148
Moyamba,Njama,"NJAMA,KOWA CHIEFDOM, MOYAMBA                  ",CHC,319148
Moyamba,Senehun,"Senehun Village, Kamajei Chiefdom, Moyamba Distric",CHC,319148
Moyamba,Belletine,BELLENTINE ,CHP,319148
Moyamba,Ferry,ferry Makosha,CHP,319148
Moyamba,Kawaya,kawaya,CHP,319148
Moyamba,Mokassie,MOKASIE ,CHP,319148
Moyamba,Mokotawa,"MOKOTAWA,LOWER BANTA                          ",CHP,319148
Moyamba,Moriba Town,"Moriba town, lower banta                          ",CHP,319148
Moyamba,Mosella,MOSELLA ,CHP,319148
Moyamba,Static I,New york,CHP,319148
Moyamba,Rotawa,ROTOWA,CHP,319148
Moyamba,Samu,SAMU ,CHP,319148
Moyamba,Youndu,YOUNDU,CHP,319148
Moyamba,Bai-Largo,"BAI-LARGO,KORI CHIEFDOM,MOYAMBA              ",MCHP,319148
Moyamba,Bambuibu Tommy,"BAMBUIBU TOMMY,DASSA CHIEFDOM-MOYAMBA        ",MCHP,319148
Moyamba,Benkeh,Benkeh,MCHP,319148
Moyamba,Bumpeh River,BUMPEH RIVER ,MCHP,319148
Moyamba,Bumpetoke,Bompetoke,MCHP,319148
Moyamba,Gbonjeima,GBONJEIMA,MCHP,319148
Moyamba,Gondama,"Gondama, Gondama Village                     ",MCHP,319148
Moyamba,Gondama,"Gondama Village, Kamajei Chiefdom, Moyamba Distric",MCHP,319148
Moyamba,Joyah,"JOYAH,KAMAJEI CHIEFDOM, MOYAMBA DISTRICT     ",MCHP,319148
Moyamba,Juma,"Juma Village, Kori Chiefdom, Moyamba District     ",MCHP,319148
Moyamba,Kabaima,"KABAIMA,DASSE CHIEFDOM-MOYAMBA               ",MCHP,319148
Moyamba,Kanga,"KANGA,LOWER BANTA.                           ",MCHP,319148
Moyamba,Kenema Gbandoma,"KENEMA GBANDOMA,DASSE CHIEFDOM,MOYAMBA       ",MCHP,319148
Moyamba,Komende,KOMENDE ,MCHP,319148
Moyamba,Konda,"Konda Village, Kori Chiefdom, Moyamba District    ",MCHP,319148
Moyamba,Korgbotuma,KORGBOTUMA ,MCHP,319148
Moyamba,Lawana,LAWANA,MCHP,319148
Moyamba,Levuma Nyomeh,LEVUMA NYOMEH,MCHP,319148
Moyamba,Levumakai,levuma kaiyamba,MCHP,319148
Moyamba,Magbenka,,MCHP,319148
Moyamba,Makandor,Makandor,MCHP,319148
Moyamba,Manjehun,"MANJEHUN VILLAGE, Moyamba District                ",MCHP,319148
Moyamba,Mende Town,MENDE TOWN ,MCHP,319148
Moyamba,Mofombo,"Mofombo Village, Kowa Chiefdom, Moyamba District  ",MCHP,319148
Moyamba,Moforay,Moforay ,MCHP,319148
Moyamba,Mogbaseke,"Mogbaseke Village, Dasse Chiefdom, Moyamba Distric",MCHP,319148
Moyamba,Mogbongisseh,MOGBONGISSEH ,MCHP,319148
Moyamba,Mogbuama,"MOGBUAMA,KAMAJEI CHIEFDOM,MOYAMBA            ",MCHP,319148
Moyamba,Mogongbe,"MOGONGBE,UPPER BANTA.                        ",MCHP,319148
Moyamba,Mokaisumana,MOKAISUMANA,MCHP,319148
Moyamba,Mokauyamba,MOKAUYAMBA ,MCHP,319148
Moyamba,Mokaiyegbeh,MOKAIYEGBEH,MCHP,319148
Moyamba,Mokellay,MOKELLAY,MCHP,319148
Moyamba,Mokerewa,Mokerewa,MCHP,319148
Moyamba,Mokobo,MOKOBO,MCHP,319148
Moyamba,Mokongbetty,MOKONGBETTY,MCHP,319148
Moyamba,Mokorbu,Mokorbu ,MCHP,319148
Moyamba,Mokpanabom,MOKAPANABOM,MCHP,319148
Moyamba,Mondokor,"Mondokor,Lower Banta.                         ",MCHP,319148
Moyamba,Mopaileh,Mopaileh,MCHP,319148
Moyamba,Mosagbeh,mosagbe ,MCHP,319148
Moyamba,Mosanda,MOSANDA ,MCHP,319148
Moyamba,Mosenegor,MOSENEGOR,MCHP,319148
Moyamba,Mosenesie Junction,MOSENSESIE JUNCTION LOWER BANTA ,MCHP,319148
Moyamba,Motobong,MOTOBONG,MCHP,319148
Moyamba,Motoni,MOTONI,MCHP,319148
Moyamba,Motonkoh,MOTONKOH,MCHP,319148
Moyamba,Moyeamoh,MOYEAMOH,MCHP,319148
Moyamba,Moyollo,MOYOLLO ,MCHP,319148
Moyamba,Ngiehun,NGIEHUN ,MCHP,319148
Moyamba,Njagbahun,NJAGBAHUN,MCHP,319148
Moyamba,Njagbahun L/B,"NJAGBAHUN,LOWER BANTA GBANGBATOKE            ",MCHP,319148
Moyamba,Plantain,PLANTAIN ISLAND,MCHP,319148
Moyamba,Rokolor,ROKOLOR ,MCHP,319148
Moyamba,Sembehunwo,SEMBEHUNWO ,MCHP,319148
Moyamba,Suen,SUEN ,MCHP,319148
Moyamba,Tabe,"Tabe Village, Kowa Chiefdom, Moyamba District     ",MCHP,319148
Moyamba,Taninahun Kapuima,"Tananahun Kapuima Village, Dassa Chiefdom, Moyamba",MCHP,319148
Moyamba,Taninahun Mboka,TANINAHUN MBOKA,MCHP,319148
Moyamba,Yorgbofore,YORGBOFORE ,MCHP,319148
Moyamba,Yoyema,YOYEMA,MCHP,319148
Moyamba,St. Mary'S Clinic,"St. Mary's Clinic,Lower Banta.                    ",CLINIC,319148
Moyamba,School Clinic,Salina,CLINIC,319148
Moyamba,Njala Clinic,"Njala Town, Kori C/Dom, Moyamba                   ",CLINIC,319148
Moyamba,Umc Clinic,"Tiama Town, Kiri Chiefdom, Moyamba District       ",CLINIC,319148
Moyamba,Gbuihun,"Gbuihun Village, Kori Chiefdom, Moyamba District  ",Other,319148
Moyamba,Judy Smith,"Judy Smith,Kori chiefdom,moyamba              ",Other,319148
Moyamba,Smhl Vimetco Clinic  Gondama,"Gondama Plant Site, Lower Banta Chiefdom          ",Other,319148
Moyamba,Harford School Clinic,MOYAMBA,CLINIC,319148
Moyamba,Red Cross Clinic,MOYAMBA,CLINIC,319148
Moyamba,St. Joseph'S Clinic,MOYAMBA,CLINIC,319148
Moyamba,Gandorhun,Gandorhun,CHC,319148
Moyamba,Gbangbatoke,"Gbangbatoke, lower banta                          ",CHC,319148
Moyamba,Moyamba Junction Chc,MOYAMBA JUNCTION,CHC,319148
Moyamba,Rotifunk,ROTIFUNK,CHC,319148
Moyamba,Shenge,SHENGE,CHC,319148
Moyamba,Taiama,"TAIAMA,KORI CHIEFDOM, MOYAMBA                 ",CHC,319148
Koinadugu,Sierra Leone Red Cross Clinic,Bonthe Municipal Island ,CLINIC,204264
Koinadugu,Kania,Kania Village,CHC,204264
Koinadugu,Kabala Govt Hosp,KABALA,HOSPITAL,204264
Koinadugu,Bafodia,"Bafodia, Wara Bafodia Chiefdom                    ",CHC,204264
Koinadugu,Fadugu,"Fadugu, Kasunko Chiefdom.                         ",CHC,204264
Koinadugu,Mch Static Clinic,KABALA Government Hospital Kabala,CHC,204264
Koinadugu,Bandaperie,BANDAPERIE VILLAGE,CHP,204264
Koinadugu,Dogoloya,DOGOLOYA,CHP,204264
Koinadugu,Krutor,KRUTOR NEINI CHIEFDOM KOINADUGU DISTRICT,CHP,204264
Koinadugu,Kumala,KUMALA,CHP,204264
Koinadugu,Alikalia,alkalia ,MCHP,204264
Koinadugu,Badala,"Badala town, Dian Chiefdom                        ",MCHP,204264
Koinadugu,Dalakuru,"Dalakuru, Diang Chiefdom                          ",MCHP,204264
Koinadugu,Deldu Kamaron,"Deldu Kamarom, Mongoh Chiefdom                    ",MCHP,204264
Koinadugu,Fankoya,FANKOYA COMMUNITY ,MCHP,204264
Koinadugu,Foria,FORIA,MCHP,204264
Koinadugu,Gbenikoro,"SENGBEH CHIEFDOM, GBENIKORO COMMUNITY.            ",MCHP,204264
Koinadugu,Gberefeh,GBEREFEH,MCHP,204264
Koinadugu,Gberia Timbako,Gberia Timbako Vallage,MCHP,204264
Koinadugu,Hamadalai,HAMADALAI,MCHP,204264
Koinadugu,Heremakono,"HEREMAKONO, WARA YAGALA CHIEFDOM                  ",MCHP,204264
Koinadugu,Kadanso,KADANSO ,MCHP,204264
Koinadugu,Kagbasia,KAGBASIA,MCHP,204264
Koinadugu,Kakoya,KAKOYA,MCHP,204264
Koinadugu,Kaliyereh,kaliyereh Village ,MCHP,204264
Koinadugu,Kamadugu Badala,"SEMGBE CHIEFDOM, KOINAADUGU DISTRICT              ",MCHP,204264
Koinadugu,Kamadu Sockralla,Kamadu Sockralla,MCHP,204264
Koinadugu,Diang Kamaron,DIANG KAMARON,MCHP,204264
Koinadugu,Kamaron,KAMARON ,MCHP,204264
Koinadugu,Kania,"Kania town, Dian Chiefdom                         ",MCHP,204264
Koinadugu,Kasanikoro,1,MCHP,204264
Koinadugu,Koinadugu Ii,"KOINADUGU 11 COMMUNITY,SHEMGBE CHIEFDOM           ",MCHP,204264
Koinadugu,Koindu-Kura,Koindu Kura Village,MCHP,204264
Koinadugu,Kondeya,"SENGBH CHIEFDOM, KONDEYA COMMUNITY                ",MCHP,204264
Koinadugu,Koromasilia,KOROMASILIA,MCHP,204264
Koinadugu,Lengokoro,LENGEKORO,MCHP,204264
Koinadugu,Madina Gborkor,2,MCHP,204264
Koinadugu,Mamudiakoro,WARAWARA YAGALA CHIEFDOM,MCHP,204264
Koinadugu,Manankon,Manankon Village,MCHP,204264
Koinadugu,Mansofinia,"Mansofinia, Neya Chiefdom                         ",MCHP,204264
Koinadugu,Mansadu,"Mansadu, Mongoh Chiefdom                          ",MCHP,204264
Koinadugu,Porpon,PORPON Neya Chiefdom ,MCHP,204264
Koinadugu,Samamaia,"SAMAMAIA COMMUNITY, WAWA BAFODIA CHIEFDOM         ",MCHP,204264
Koinadugu,Sawuria,SAWURIA Kasonko Chiefdom,MCHP,204264
Koinadugu,Senekaedugu,senekedugu,MCHP,204264
Koinadugu,Sent Ministry Clinic,Kapakie/Kamakumba Wara Wara Bafodia,MCHP,204264
Koinadugu,Seria,SERIA,MCHP,204264
Koinadugu,Sonkoya,Sonkoya Village,MCHP,204264
Koinadugu,Sumbaria,Sumbaria,MCHP,204264
Koinadugu,Thellia,THELLIA TOWN ,MCHP,204264
Koinadugu,Tambiabalia,"Tambiabalia, Mongoh Chiefdom                      ",MCHP,204264
Koinadugu,Wolio,WALLIA,MCHP,204264
Koinadugu,Yara,YARA ,MCHP,204264
Koinadugu,Yataya,yataya,MCHP,204264
Koinadugu,Red Cross Clinic,"Musaya Road, Sengbeh Chiefdom                     ",CLINIC,204264
Koinadugu,Marie Stopes Society Clinic,"Bawuria Road, Wara Yagala Chiefdom                ",CLINIC,204264
Koinadugu,Bambukoro,"BAMBUKORO COMMUNITY,SENGBEH CHIEFDOM              ",CLINIC,204264
Koinadugu,Nar Sarah Clinic,"Forest Road,Kabala                                ",CLINIC,204264
Koinadugu,Wara Wara Community Faith Clinic,Gbawuru 11 street.Kabala,CLINIC,204264
Koinadugu,27 Forest Rd Kabala Town,27 FOREST RD KABALA TOWN,CLINIC,204264
Koinadugu,Kabala,KABALA,CLINIC,204264
Koinadugu,Musaia Road,MUSAIA ROAD,CLINIC,204264
Koinadugu,Yagala Clinic,YAGALA,CLINIC,204264
Koinadugu,Kondebaia,"KONDEBAIA,Diang Chiefdom                          ",CHC,204264
Koinadugu,Kurubonla,"Kurubonla, Neya Chiefdom                          ",CHC,204264
Koinadugu,Yiffin,"Yiffin, Neini Chiefdom                            ",CHC,204264
Kambia,Kambia Government Hospital,Kambia Town,HOSPITAL,346213
Kambia,Good Grace Hospital,Guinea Highway Fathaia Gbilen Dixon,HOSPITAL,346213
Kambia,Gbalamuya,Gbalamuya Town ,CHC,346213
Kambia,Kassirie,Kassirie Vallage,CHC,346213
Kambia,Kychom,Kychom Town,CHC,346213
Kambia,Mafaray,Mafaray Vallage,CHC,346213
Kambia,Mafufuneh,Mafufuneh Village ,CHC,346213
Kambia,Rokupr,Rokupr Town,CHC,346213
Kambia,Bapuya,Bapuya,CHP,346213
Kambia,Barmoi Luma,Baimoi Luma,CHP,346213
Kambia,Dibia,Dibia Vallage,CHP,346213
Kambia,Gbonkomarie,Gbonkomarie Vallage,CHP,346213
Kambia,Kasoria,Kasoria Village,CHP,346213
Kambia,Kawula,Kawula Town,CHP,346213
Kambia,Laya-Gboray,Laya-Gboray Village,CHP,346213
Kambia,Masseleh,Masseleh Vallage,CHP,346213
Kambia,Masunthun,Masunthun Village ,CHP,346213
Kambia,Mile 14,Mile 14 Vallage,CHP,346213
Kambia,Numea,Numea Village,CHP,346213
Kambia,Rosinor Village,Rosinor Village,CHP,346213
Kambia,Rotainbana,Rotainbana Village,CHP,346213
Kambia,Slrcs Magbema,Kambia Town,CHP,346213
Kambia,Tombo Wallah,Tombo Wallah Village ,CHP,346213
Kambia,Yeliboya,yeliboya,CHP,346213
Kambia,Bankamakulor,Bankamakulor Vallage ,MCHP,346213
Kambia,Barakuya,Barakuya Village,MCHP,346213
Kambia,Bubuya,Bubuya Village ,MCHP,346213
Kambia,Fodaya,Fodaya Village ,MCHP,346213
Kambia,Gbalan Thallan,Gbalan Thallan Vallage,MCHP,346213
Kambia,Gbolon,Gbolon Vallage ,MCHP,346213
Kambia,Kalainkay,Kalainkay Vallage ,MCHP,346213
Kambia,Kamagbewu,Kamagbewu village ,MCHP,346213
Kambia,Kamawalla,Kamawalla Village ,MCHP,346213
Kambia,Kamba,Kamba Village,MCHP,346213
Kambia,Undre Five Clinic,Kambia Town,MCHP,346213
Kambia,Kanku Bramaia,Kanku Bramaia Village,MCHP,346213
Kambia,Katherie,Katherie Vallage,MCHP,346213
Kambia,Kortimoh,Kortimoh Village,MCHP,346213
Kambia,Koya,Koya Village ,MCHP,346213
Kambia,Macoth,Macoth Village ,MCHP,346213
Kambia,Magbengbeh,Magbengbeh Village,MCHP,346213
Kambia,Megbethy,Megbethy Vallage,MCHP,346213
Kambia,Mange Bissan,Menge Bissan Village ,MCHP,346213
Kambia,Mathureneh,Mathureneh Village,MCHP,346213
Kambia,Mayakie,Mayakie Vallage,MCHP,346213
Kambia,Meni Curve,Meni Curve Village,MCHP,346213
Kambia,Mile 18,Mile 18 Village,MCHP,346213
Kambia,Modia,Modia Village,MCHP,346213
Kambia,Moribaya,Moribaya Village,MCHP,346213
Kambia,Rokai,Rokai Village,MCHP,346213
Kambia,Romando,Romando Village,MCHP,346213
Kambia,Samaia,Samaia Village ,MCHP,346213
Kambia,Sella Kafta,Sella Kafta Village,MCHP,346213
Kambia,Senthai,Senthai Village,MCHP,346213
Kambia,Shekaia,Shekaia Village,MCHP,346213
Kambia,Soriebolomia,Soriebolomia Village ,MCHP,346213
Kambia,Tawuya,Tawuya Vallage ,MCHP,346213
Kambia,Timbo,Timbo Vallage,MCHP,346213
Kambia,Worreh,Worreh Village ,MCHP,346213
Kambia,Wullah Thenkle,Wullah Thenkle Village,MCHP,346213
Kambia,Yebaya,Yebaya Village ,MCHP,346213
Kambia,Tonko Wesleyan Health Center,Madina Town,MCHP,346213
Kambia,Under Five Clinic Kambia,,CHP,346213
Kambia,Under Five Clinic,koidu hospital ,CLINIC,346213
Kambia,Barmoi Munu,Barmoi Munu Vallage,CHC,346213
Kambia,Kamassasa,kamassasa Town ,CHC,346213
Kambia,Kukuna,Kukuna Town,CHC,346213
Kambia,Mambolo,Mambolo ,CHC,346213
Kambia,Mapotolon,Mapotolon Vallage ,CHC,346213
Western Area Rural,Rokel,Rokel village,MCHP,444270
Western Area Rural,Fogbo,"FOGBO,KORI CHIEFDOM,MOYAMBA                   ",MCHP,444270
Western Area Rural,Heart And Hand Care,"Heart and Hand Care,                              ",HOSPITAL,444270
Western Area Rural,Sierra Leone China Friendship Hospital,Jui,HOSPITAL,444270
Western Area Rural,Newton,Newton Community Health Centre,CHC,444270
Western Area Rural,Grafton,"Frafton Community Health Centre, Grafton          ",CHC,444270
Western Area Rural,Jui Police Clinic,"Jui Police Barracks, Jui Village                  ",CHC,444270
Western Area Rural,Lakka Ogoo Farm,Ogoo Farm,CHC,444270
Western Area Rural,Monsignor Daniel Sullivan Health,Neuton,CHC,444270
Western Area Rural,Tombo,Tombo Town ,CHC,444270
Western Area Rural,Adonkia Community Health Post,Adonkia ,CHP,444270
Western Area Rural,Benguima Mi Room,Benguima Barracks ,CHP,444270
Western Area Rural,Charlotte,Charlotte Village ,CHP,444270
Western Area Rural,Lion For Lion,Lion for Lion,CHP,444270
Western Area Rural,Crossing,CROSSING VILLAGE (BTWEEN OLD RD + NEW RD),CHP,444270
Western Area Rural,Swakab,Devil Hole ,CHP,444270
Western Area Rural,Borah Maternity,Devil Hole ,CHP,444270
Western Area Rural,Biola Wright Memorial Clinic,"sACCOH dRIVE, dEVIL hOLE                          ",CHP,444270
Western Area Rural,Gloucester,Gloucester ,CHP,444270
Western Area Rural,Goderich Mi Room,GODERICH BARRACKS MILITARY INVESTIGATION ROOM,CHP,444270
Western Area Rural,Hamilton,Hamilton Village,CHP,444270
Western Area Rural,Tect Jui,"The Evingical College Of Theology, jUI            ",CHP,444270
Western Area Rural,Kent,Kent Village ,CHP,444270
Western Area Rural,Kissi Town,kissi town ,CHP,444270
Western Area Rural,Leicester,leicester,CHP,444270
Western Area Rural,Lumpa,Lumpa,CHP,444270
Western Area Rural,Mambo,Mambo Village,CHP,444270
Western Area Rural,Masorie,Masorie village,CHP,444270
Western Area Rural,Fbc,FBC Campus ,CHP,444270
Western Area Rural,Rokel,Rokel,CHP,444270
Western Area Rural,Wind/Appdep Maternity,Yams Farm,CHP,444270
Western Area Rural,York,YORK ,CHP,444270
Western Area Rural,Banana Island,Banana Island,MCHP,444270
Western Area Rural,Benguima Grassfield,Benguima Grassfield,MCHP,444270
Western Area Rural,Campbell Town,campbell Town,MCHP,444270
Western Area Rural,Deep Eye Water,Deep Eye water ,MCHP,444270
Western Area Rural,Fogbo,Fogbo,MCHP,444270
Western Area Rural,Mutual Faith Clinic,Mutual faith clinic,MCHP,444270
Western Area Rural,John Thorpe,Rokel,MCHP,444270
Western Area Rural,New London,Kossoh town,MCHP,444270
Western Area Rural,Mabureh,mabureh community ,MCHP,444270
Western Area Rural,Macdonald,Macdonald ,MCHP,444270
Western Area Rural,Makonkonday,Makonkonday,MCHP,444270
Western Area Rural,Malambay,Nyanagba town,MCHP,444270
Western Area Rural,Metchkem,Metchkem Road. ,MCHP,444270
Western Area Rural,Rogbangba,Rogbangba,MCHP,444270
Western Area Rural,Sussex,Sussex Village ,MCHP,444270
Western Area Rural,Tokeh,New Road Tokeh ,MCHP,444270
Western Area Rural,Jays,quarry by rokel,MCHP,444270
Western Area Rural,Goderich,across funkia,CHC,444270
Western Area Rural,Hastings,Hasting BEMOC,CHC,444270
Western Area Rural,Regent,Regent,CHC,444270
Western Area Rural,Waterloo,Waterloo Bottom Mango,CHC,444270
Falaba,Firawa,FIRAWA,CHC,204547
Falaba,Gbentu,GBENTU TOWN,CHP,204547
Falaba,Musaia,MUSAIA TOWN,CHP,204547
Falaba,Yiraia,YIRAIA,CHP,204547
Falaba,Bumbukoro,BUMBUKORO,MCHP,204547
Falaba,Bandakarifaia,"BANDAKARIFAIA COMMUNITY, NENI CHIEFDOM.           ",MCHP,204547
Falaba,Dankawalie,Dankawalie ,MCHP,204547
Falaba,Durukoro,DURUKURU VILLAGE,MCHP,204547
Falaba,Fullamansa,Fullamansa Village,MCHP,204547
Falaba,Ganya,Ganya Village,MCHP,204547
Falaba,Gbindi,Gbindi Village ,MCHP,204547
Falaba,Kamba Mamudia,KAMBA MAMUDIA,MCHP,204547
Falaba,Kombili,KOMBILI ,MCHP,204547
Falaba,Serekolia,SEREKOLIA,MCHP,204547
Falaba,Yarawadu,YARAWADU,MCHP,204547
Falaba,Musaia,Musaia,MCHP,204547
Falaba,Musaia,ROYIBEN ,MCHP,204547
Falaba,Mongo Bendugu,MONGO BENDUGU,CHC,204547
Falaba,Sinkunia,Sinkunia village,CHC,204547
Western Area Urban,Aberdeen Women Center (Epi),"Aberdeen, Freetown                                ",HOSPITAL,1055964
Western Area Urban,Marie Stopes (Epi),Aberdeen Road,HOSPITAL,1055964
Western Area Urban,Ola During (Epi),Fourabay Road,HOSPITAL,1055964
Western Area Urban,Kingharman Rd Sat. (Epi),Kingharman Rd Sat ,HOSPITAL,1055964
Western Area Urban,Kingtom Police (Epi),KINGTOM ,HOSPITAL,1055964
Western Area Urban,Umc Hospital (Epi),Kissy,HOSPITAL,1055964
Western Area Urban,Lumley Hospital(Epi),Lumley Regent Road,HOSPITAL,1055964
Western Area Urban,Rokupa Sat. Hosp. (Epi),Rokupa community,HOSPITAL,1055964
Western Area Urban,Macauley Sat. Hosp,Mountain Cut ,HOSPITAL,1055964
Western Area Urban,34 Military Hosp (Epi),Wilberforce Barracks ,HOSPITAL,1055964
Western Area Urban,Connaught Hospital,Percival Street Freetown,HOSPITAL,1055964
Western Area Urban,Prisons Male Correctional Hospital,pademba road ,HOSPITAL,1055964
Western Area Urban,Pcmh Hospital,"FOURAHBAY ROAD,FREETOWN                           ",HOSPITAL,1055964
Western Area Urban,Choitrams Memorial Hospital,NATIONAL TERTIARY REFERRAL HOSOITAL,HOSPITAL,1055964
Western Area Urban,Grey Bush,Grey Bush Health Centre ,CHC,1055964
Western Area Urban,Allen Town,Allen Town ,CHC,1055964
Western Area Urban,Calaba Town,Calaba town,CHC,1055964
Western Area Urban,George Brook,George Brook ,CHC,1055964
Western Area Urban,Ginger Hall,Ginger Hall,CHC,1055964
Western Area Urban,Moyiba         Chc,Moyiba,CHC,1055964
Western Area Urban,Kissy,Kissy,CHC,1055964
Western Area Urban,Kroo Bay,KROO BAY,CHC,1055964
Western Area Urban,St. Joseph,Lowcost Site 2 Kissy ,CHC,1055964
Western Area Urban,Mabella,Mabella Community ,CHC,1055964
Western Area Urban,Calaba Town,Calabatown ,CHC,1055964
Western Area Urban,Approved School,Wellington ,CHC,1055964
Western Area Urban,Susan'S Bay,Susan's Bay Community Health Centre,CHC,1055964
Western Area Urban,Jenner Wright,Racecourse road,CHC,1055964
Western Area Urban,Koya Town,Koya town,CHC,1055964
Western Area Urban,Kuntoloh,KUNTORLOH,CHC,1055964
Western Area Urban,Wilberforce,Wilberforce,CHC,1055964
Western Area Urban,Awake,Ojuku,CHP,1055964
Western Area Urban,Methodist Community Clinic,Kingharman Road CCSL compound,CHP,1055964
Western Area Urban,Blessed Mokaba East,Calaba Town,CHP,1055964
Western Area Urban,Al-Khatab Clinic, Mayenkineh Dustfield Calbatown ,CHP,1055964
Western Area Urban,Pmo Cline Town,CClinetown ,CHP,1055964
Western Area Urban,Blessed Mokaba Central (Epi),Blessed Mokaba Central (EPI) ,CHP,1055964
Western Area Urban,Paycy'S Clinic,Kaningo Central,CHP,1055964
Western Area Urban,Tasly Global Clinic,Grass field,CHP,1055964
Western Area Urban,Wesleyan Clinic,Grassfield Kissy,CHP,1055964
Western Area Urban,Hill Station,Hill Station ,CHP,1055964
Western Area Urban,Juba Mi Room,Juba Barracks,CHP,1055964
Western Area Urban,Haja Neneh,1141210,CHP,1055964
Western Area Urban,Murray Town Mi Room,Murray Barracks,CHP,1055964
Western Area Urban,Epi Head Quarters,EPI HEAD QUATERS NEW ENGLAND ,CHP,1055964
Western Area Urban,St. Anthony'S,Off Syke Street,CHP,1055964
Western Area Urban,Slims,slims oldwharf ,CHP,1055964
Western Area Urban,Konikay,Passonage Street,CHP,1055964
Western Area Urban,Iscon,5 william street portee ,CHP,1055964
Western Area Urban,Slrc Clinic,Pultney Street ,CHP,1055964
Western Area Urban,Parliament,TOWER HILL ,CHP,1055964
Western Area Urban,Holy Family,,CHP,1055964
Western Area Urban,Family Clinic,Wilkinson Road Lumley,CHP,1055964
Western Area Urban,Julipha Ashobe Corner,julipha ashobe corner,MCHP,1055964
Western Area Urban,Ad- Bangs Quarry,Ad-Bangs Quarry,MCHP,1055964
Western Area Urban,Sunshine,Suneshine Hill Station,MCHP,1055964
Western Area Urban,Stella Maris,Juba ,MCHP,1055964
Western Area Urban,Wellbody,14 Kennedy Street ,MCHP,1055964
Western Area Urban,Looking Town,KISSY,MCHP,1055964
Western Area Urban,Faith Malama Mch,Tarawalli Drive Malama,MCHP,1055964
Western Area Urban,Mayemie,Baboo College Ward 347,MCHP,1055964
Western Area Urban,Philip Street,phillip street ,MCHP,1055964
Western Area Urban,Tassoh,Tassoh Village ,MCHP,1055964
Western Area Urban,Thompson Bay,thompson bay ,MCHP,1055964
Western Area Urban,Upal,,MCHP,1055964
Western Area Urban,Signal Hill Rd,Signal Hill Road Wilberforce ,MCHP,1055964
Western Area Urban,Scan Drive,scan drive ,MCHP,1055964
Western Area Urban,Wellington,Wellington,CHC,1055964
Western Area Urban,Ross Road,"Ross Road, Freetown                               ",CHC,1055964
